#CHROM	START	END	Bla-1	Col-0	Cvi-0	Ita-0
chr1	1	3630	.	<7ba58d3fb79e474dc69746e115e8c0c8>	.	.
chr1	3631	5899	<eeef5ba5dcb04510cba960114f1217ab>	<5548d9f54eb6fd9c7bf8dbbafe91e8e3>	.	<4f8711b8b14e32f662a09246dc23eaf2>
chr1	5900	6787	<5b6a56958f60cb686db6dc0565069e3a>	<dab00238bf5efad6621e640cd2327947>	.	<224f9bc8afa03c54abd52b1c54cb80c8>
chr1	6788	9130	<7c4e612019ce0c0b2322feaf027c6401>	<3bf90363699707ba63c55951f30ec5aa>	.	<5b8ecd81b5638cd9c1949395b9f6bef6>
chr1	9131	11648	<076df9ad652cbb0d2d42549d6563407d>	<5a84770d937c11224cb7c8e28ec91029>	.	<7ca41ed1df8c1365b47b96e730124a04>
chr1	11649	13714	<c9e87a9503e678010fe8e8cc15aaf982>	<e212604b1011871c9b80c9d9249fbb73>	<f0ac2f7d8f76cc299e857207e36a29e7>	<41a13959e1ab219a06d921a633224ded>
chr1	13715	23120	<3d8e594fd09668a18fd3b9933a6359a2>	<f5fbe522ed968abf6fdfb4902f64b2bb>	<25d2df82336dac78ef8e6940175320a0>	<025b848075593c5d267ab2d76e757458>
chr1	23121	33171	<4143cc0d1ebe043dc23b0e7a6d9a4292>	<f30928f9b62d75aff7700cf3fa77a526>	<f2cc8815cb2d8541442e6e16356a875c>	<7d78775a2ab76d44a3a650b15b6356b1>
chr1	33172	37871	<6da5f4c53122ee34819b9274dc297aa1>	<8e3c7c1a296f9e66ab9107d9a8e255b9>	<dba49f52e6aed96aeb2edddff27d7bff>	<5e50b70e84ca929319f64618deeec800>
chr1	37872	38443	<c87bf874a04544f417f2f15c717f9baf>	<c87bf874a04544f417f2f15c717f9baf>	<c87bf874a04544f417f2f15c717f9baf>	<7924a2b63775df4c99dc4fe27e0f18ab>
chr1	38444	41017	<74219b68e4e0300c43280066b475ae11>	<510350bfb6f4d8364bf1d204ab5b25dd>	<ec600c54f30965ac9128440d898f8fd2>	<28b03f166ecce08be35c930af6525f52>
chr1	41018	44969	<4adccfe743010bc9130e24a46dc901bd>	<f46cebaaf75a59286737bee5f955f7d5>	<a0ac71dd776c11ce99e4a59fbf38f6a5>	<2cb4aa25488b404fcf30d396907fd86b>
chr1	44970	47059	<04a5ed1c083e00de25e1336c2ebb4fa3>	<59800b39d5e0696ec95e925460a6b28e>	<edd682d98ee481ae01dfb66a25fbfae6>	<faa5438675fbe2f6b012b2893072844c>
chr1	47060	49304	<ce495178039eb5d06687a1e220cad68e>	<2c9aaee894e0bcba815874eb9e17d974>	<78e9787ac5837cf74cd1627317543567>	<77de726268c74027f761796b8f0a1317>
chr1	49305	49908	<56c46a7a81989e875c4786a5198f1049>	<56c46a7a81989e875c4786a5198f1049>	<56c46a7a81989e875c4786a5198f1049>	<56c46a7a81989e875c4786a5198f1049>
chr1	49909	51210	<6ed8561cf96daf9e9bcfa4924d678380>	<b01c2f63a2722fe0c1b807f95c5c4b2f>	<bd1f0c6530f71db36ad10a75ce347674>	<6ed8561cf96daf9e9bcfa4924d678380>
chr1	51211	51952	<8927818f1a484ce915a24bbd273016c4>	<685c1af79ead17c1d304bf30babc6cf0>	<727cd62d4392e9074f944309b397a76d>	<727cd62d4392e9074f944309b397a76d>
chr1	51953	54737	<557902b78baae8bced93953efd71654a>	<9d52393130109d3ab281aced7709bc92>	<07d7b4226f2f1121f65c6142db974e2b>	<67f28b059090842246b26f6b9db70276>
chr1	54738	57163	<08ada28be8e0a03e8e50bffb1305a389>	<17f522d37c1d536ccea289d954ebdbbd>	<06ec82949fb83aed027ab763f0540ec1>	<aefd3fc9df5663cc8d97f801136e7cd6>
chr1	57164	59215	<9c3a4a208c8de311844458d30a465355>	<e5e57a24b9f2721d9a120f658a1e0390>	<318eeb26b1a9719dc58c6c0b02a260c3>	<57fd709fc5d16c282838df34882d113a>
chr1	59216	61904	<ea4edf8f3005cbdcaf41d633745ad664>	<3f29f1fdeb05fb59389c72cb9c25c5ea>	<a2ed552659791cf8735752e171cf6dd7>	<9971f8e02fccc21bf69535f929a08a30>
chr1	61905	64165	<c73cd7d96cbdad7f68c6181449ef4c96>	<fc22dc87a2c410925bcdcdb32ed7c445>	<24b9f17c4a518258b515458e4e223606>	<7f55af0402fe0feaf9b542cdc238bcc2>
chr1	64166	67774	<9dc5aa46dd6810cc38f1f12fddee0c2c>	<eeef9524d0f9d2b0d2958d03e9529127>	<1ee63d8460e337ae59c4c2d2ad156720>	<9d97fc465d500f5611e3743bfcd52c6b>
chr1	67775	69910	<9a45d3814ee1d2d9af45abaf3759e18e>	<07ee7a5848d76fb0857b275f84f69017>	<6c382f28eb2f735bb55b9cd6f4ebce76>	<57fdd8d0249fdbf9196ebb57de17c209>
chr1	69911	72338	<e66bbd0875b85c0c52dee7dc745fdd7f>	<60f5bf39b809c0f51daff8a37100a16c>	<0c60689efe128e817448a5ad0f23f67c>	<c611999f9f434dc3cd98b91cef7d4f77>
chr1	72339	74737	<6b721fd32cc784d39d3fa23ab6c32cd1>	<0246d5c7afd34a2bb8238afe2ada8611>	<6d5645a0b721811472173b56dbd7ea78>	<5256f13944a544d88a7dfb38b4e59584>
chr1	74738	75389	<17a66e4fee026c06ec746578b714e33d>	<f876ad5c6c060818e0276e4a6d96e1f2>	<850ed826c19c2087dfa80fc44a315869>	<d5e1d1d83c7462b3b2385a9bd4a9444b>
chr1	75390	76845	<f743c56e795673d3672e0ee42ec11027>	<0e7a172528c66a23ed05627f54aa2040>	<992d4a1e6d696f1f63c0f6bcd8ea16d4>	<ded36dabff5d92f91da70b5865dbd9fc>
chr1	76846	82983	<c731cdfdc5c8325b063ace9c2c901f4d>	<acd16a0a2089398ff43832461fd37c18>	<f184f1c05d8d342ad244446a5297279b>	<c08f42d1916511a8f8271847630d0c85>
chr1	82984	84946	<badf0388cdedf24751b24036514e1dcc>	<07058c59965d266c6b538e71e8e734a1>	<b54d828ef96ac56dfc4b72d2b985b4d2>	<b26da9a6d103877e2288caa731e3e83f>
chr1	84947	86485	<2eafd090ff0c4f0ddb38ff9db748f172>	<f99ff5489bfc80dd6e17e31da2cc5937>	<8d11eba145e74c8c82a9acf65f0ec47c>	<17fe23794f13c1c99dd0f1987ccb7be6>
chr1	86486	88409	<7470e3b630272b496dfa48650fd2baee>	<c77d639b22c15ef3e322731e1bd63383>	<3c15a15aeb8a1f9a9d75412b8475c4e7>	<bb05a4a5e4dd76bdf6686b54e4be0dd3>
chr1	88410	90502	<52175bc8fce9afb93b1b16a8ed397d78>	<f5ed4d299037e50111b9b2c2d8afbc28>	<20c63f90ae2ec45ac02b533d59bdbbfd>	<25bf38fa32dcc1563121580406b1274d>
chr1	90503	91341	<37c06a865f2155b06172fa63ca704b9c>	<df28e0c777a4acb01a3d63189e7dede9>	<6879fb865628aa043ce7832a63dda4a8>	<d3111343e16ca10506f0635dd9593832>
chr1	91342	95681	<17c31421228e97cf024d2700107a1637>	<08ab29d06829d336defa3f3c69a1a00e>	<7ddb5bc8e354e3c2813c5370f3a25c60>	<820f069d1303c1eccd61fda56bf8b39d>
chr1	95682	97411	<ffd9898c4341306e25f060055d4a98cf>	<f6d51df2e318fc6b62392f6075f505ec>	<99537db0370a689b0ac5633eb09717d8>	<8357b345f7f52afd27f241e20b382ba0>
chr1	97412	99240	<418f5bfbe852ee8fe67abbad4d9be07f>	<8b4b14fc0ff7813db1555cb83fe380d9>	<418f5bfbe852ee8fe67abbad4d9be07f>	<02b3c66d23d56deac01f9a6a6b903584>
chr1	99241	99864	<29881847c26ff67133738135fbdb2f6a>	<1b1a8626dccb21a9d3cf6f4b8877a319>	<29881847c26ff67133738135fbdb2f6a>	<29881847c26ff67133738135fbdb2f6a>
chr1	99865	101987	<85b4f888f73fec0840caf868d8ad626e>	<9f05f833336bce281b6398ca318e7df1>	<5363b5fcc3607e7426447bb5f61f8d92>	<7e5401f287b7bf8ef147d5dfed62f5f8>
chr1	101988	104439	<4cd5719edd7d2549805d6febf8fbd12f>	<ce11d1afde9d2112f2ad368f988a9f17>	<6fc925cc233ee1f5d99eea618d9185e0>	<5a2019a4c110006e4771da7c657379cb>
chr1	104440	105330	<813ef0eb392bebfc5459d080af27dcbc>	<9b124928bfffebe27777ac72444a6de0>	<ec5c87cb9d5c3a073d77740c80eb5ae0>	<e7809cb657fa8c20db32c679e350e33c>
chr1	105331	108945	<7c3a0840e3918f8ff943d7a6e894472b>	<895f7473d02c85fc131ae14b7a094942>	<4a935af9c31995375cc58e5047bbef74>	<31770418e44c846addb73c23d62b477a>
chr1	108946	111699	<0757738e4d85d3368466830ba075db47>	<08ffeb675ee6510ee5b35fab1f4b6f7f>	<fcd31ed7b4401a8ce4cf517c15217157>	<94742f7cc4c4aebe6fb964253772f4fb>
chr1	111700	112262	<c00ccd126afd1810dd510833c76cd622>	<29ec55608d05ee430bc3d161b6690662>	<cef4833bf79c89ef76c5a34be642feeb>	<6742dffb1e5571f4e007ce48d564a83b>
chr1	112263	114201	<3b3cdcb6f4a818b47b6ea5c3913e54c2>	<b8cc9a76585ecffb01c41908f636654e>	<c9cf1d2b59f7877c4e3cdf0654063324>	<02c5c5ac495be5b808dbc2b682fab204>
chr1	114202	116407	<ede81f5a269d2a8a5e84ae846ccdc27c>	<dcc41e1a25982325a02cb4b926e6d3c1>	<5f52ea5725eb3c641fb2c6657cb101d4>	<f96cfe89bd073870ce7897ecdd0af340>
chr1	116408	118845	<c07078b56432b54c90b74cdeba070d53>	<910f064bcbd918575b56a1d47688f976>	<6d2c2a65e57433303b8fbc2d60fd2ed4>	<8a19c90d87d2e20d4a56b024d0671efb>
chr1	118846	119380	<4b1338aae852a5d0bbcdc944b17a6528>	<4b1338aae852a5d0bbcdc944b17a6528>	<4b1338aae852a5d0bbcdc944b17a6528>	<4b1338aae852a5d0bbcdc944b17a6528>
chr1	119381	120153	<3dc3cd5f220c3e2739c5821ac4fd2781>	<68926b9d9b4325bc8bcb32cbdce8bf7b>	<c5b2722a5c0f8a589c1e6a1489962a9a>	<b30387827dd0fcf6d5cd845d27c55571>
chr1	120154	130577	<67f855d516a734902a4b22c3672e7c63>	<92422f2fe785b69f2d551336b1ea768a>	<56dc3d8a6d4ed06a5468b948a2897228>	<6b50255cb30f1a74a0b049c5add318bf>
chr1	130578	132269	<0c123ecae65e95342358ff41be3a3864>	<e32c585e6911f67cbe4ee1463a37e609>	<32f086ecc339cc34c2f50f3e3e2d2a3c>	<eeaae571e86e6125608548f8938146f2>
chr1	132270	135924	<bde4c5bafef8bb77f7959c1623dc51ae>	<6806a63a154c8738f840c4855ab2159c>	<56029ae03d72ec10566be2b2c9649da1>	<a273aa5dada8a68616ccfe78264be3d3>
chr1	135925	138162	<02d3f1c58a74e714a3c2bca171ac086a>	<02d3f1c58a74e714a3c2bca171ac086a>	<5781c185e07ff2ffe072f3bd929bd136>	<2b5e408d72b299e3c399ecc4c94efdac>
chr1	138163	139680	<82321432638e1295d71133ba24938f90>	<82321432638e1295d71133ba24938f90>	<b7b3f1c3309b3a799044b83844c99557>	<b7b3f1c3309b3a799044b83844c99557>
chr1	139681	141869	<65033a6617d14a626753041424cbcdcb>	<65033a6617d14a626753041424cbcdcb>	<3be34ecbab33d5d48f1d3b4ca8d6161c>	<c7acc7b7989fdcc2047e05039c1b6f92>
chr1	141870	143488	<390b858bfd389706491b3e0da24c26df>	<cb96b4edf5d140553162ad3c6c862065>	<ba9514ff5a221e3a4e3e8c5eb8d60f5b>	<450b66a6fabba6a209e4417fa16c4f19>
chr1	143489	146479	<710b5306e6acc726a8070ce5a46f70a2>	<e244b5f3c264b0502c7635ec9d73438d>	<3af724f3d2ddf9ad3ce18bb40f9872da>	<24e707816fab90a9e569d96a3122de48>
chr1	146480	147042	<dcdc48fe969432a3be8821e2685b5cfc>	<362f906fbfd11019fe91ba12df9f8ea5>	<362f906fbfd11019fe91ba12df9f8ea5>	<280c491c2894005d754cc5c3a20ae6e1>
chr1	147043	149848	<2a65986ac18e282f070f00b38868a2cc>	<2a65986ac18e282f070f00b38868a2cc>	<4011fc6e78cfa69fd54feb575db1afeb>	<9c80b90b3adabb8e875cb7988bef3c82>
chr1	149849	150688	<93c52c873ffc9e8d43d2dc5e66cb3306>	<834ecccab3f8a05feec2eb93d07e41fc>	<e825d0c78e40d5435aea8c2ebfc1c1d9>	<28ac19e2e4a4b1fc558b4a06b662392d>
chr1	150689	152210	<a9fdd5be0ed1310b7f2e80e676cd7267>	<a9fdd5be0ed1310b7f2e80e676cd7267>	<0c7de2886ba2c07d041ce61ab5ce0c6d>	<33448c31f252306a4a17c1d39be61425>
chr1	152211	153112	<e8fa325dfafb360681bdce5f3b7ddaa3>	<e8fa325dfafb360681bdce5f3b7ddaa3>	<57a34050ac86e6309e37c45a40143ad2>	<68294613b07b646bda7a6241fa2d249a>
chr1	153113	154366	<8e76d623e226c3e0cfb609691aa8d097>	<8e76d623e226c3e0cfb609691aa8d097>	<65b5953d96974f952071177f03c24ba6>	<6fbff5fa0c4d6f959f3fcc1aab6ce0a8>
chr1	154367	156476	<8a1558f9879762eafa69092eaa9f731e>	<dcb6395963174d4d90ebd0460a205ed6>	<736b33aa3f875167e1514c0bb9491e40>	<201ea70029bff4018aabc7806dd5ce92>
chr1	156477	158823	<1eb8bb0371efb3ae4db95067ebf90221>	<102fcb661876deb35ec2e550d756b5c2>	<4a9603671eb58916b2fac6f4b688b0f7>	<9621b8f67350c2f3a05a5c720c77ddad>
chr1	158824	159627	<a952ea95b0b2c4cca916ffcd7c776741>	<a952ea95b0b2c4cca916ffcd7c776741>	<b278f1b5a221c6fe843a0a99da5aa6e4>	<b19997b348b75488c27778bf62591a80>
chr1	159628	162953	<f3cc767d89f7fd8fc601a06c8d1c5364>	<1ae9ed7dd7f5c96504e9db592b49597c>	<9772edbb6785dfc70dce47b5e5edf5f1>	<db605bfbf6939bb6868dceff1914cbcc>
chr1	162954	164104	<2e697ea66e1dfea19b3551927c4f3ec8>	<f7f85e3ff876c02200e2c342d46bda8a>	<0a720554e0642b0c3ed47919d847aada>	<06bb6c74d1288721ac557055ecc0286c>
chr1	164105	165517	<cbd8235d650f346c36fd6a0576860b83>	<c0a2909f923393df6689a308089e707f>	<c0a2909f923393df6689a308089e707f>	<c0a2909f923393df6689a308089e707f>
chr1	165518	166588	<59c10e6f90f5b7db3186dd061437c7a3>	<f060f094495a96990e6bbd7e039409d9>	<d4f7865a290996a6b980ac2b9d3dbb9f>	<6e91cfb8274835602163905029731ad7>
chr1	166589	168558	<f3caa1831692cb3fe362d646db26b58a>	<bd867a3a618c4a1d1e43760d81194736>	<fc26ca8f336691ba555db7eb7260515c>	<ba81146fdd063bc5528a00ad76ee64df>
chr1	168559	171386	<dcad8da5fe66f25e326ff18abc50821c>	<9e13dcc754ad362347690358cf393d0e>	<2aa59a73f5a72380b48112a9324de312>	<cce8c688056fcc85a3554dc7cbe84306>
chr1	171387	172948	<87ab376fad1123e5070e65eede0e1724>	<46954c6d2d4165b836d94f9b7e82c9c0>	<cda0d96df04894c3111c045ddc6f51de>	<dcf011ea6605842bd22c964a8d4ddf14>
chr1	172949	175705	<4a569783b4c8815d40c63cfb8edc42e7>	<a57cf4e7e7c963991b72d0b40e0f8325>	<59417636353d95c1551dfdd93366236c>	<39072de3ec69cfda130d8f13c5fe7aab>
chr1	175706	178406	<a68db854749631a9bcd8870b3481fa8b>	<ae13f035fc07c561cb9c0d5b91ad066b>	<e9a42edea6e26f9528602e2b3d530fef>	<6a36aa29195715328f16ffad19a1a075>
chr1	178407	180016	<f9a35540d2aa0b9dcc41027ae580ae19>	<dfd3503aed125fcc42d2a449ca90c960>	<e927498042e52209a5392f212377d4d9>	<3244976beba47f1756dd6df09aab030a>
chr1	180017	182749	<441421e59ce4d09c30e011511260b8fe>	<6701442a845fd6ac948c5b75a07be680>	<54515788d6fe0b5e082e5cc97ea30bc5>	<545ecf54031b242598393f376640d7fd>
chr1	182750	185032	<4915a1dd34f367f04eb0ad9a3d456217>	<304742b53e60176a5238ec9ed0f8ff81>	<4e2066cacc2e848eedfb1a284f5222c5>	<27dd2e903bd9b647db89f152f38ec1f0>
chr1	185033	187144	<3eff49a9b56b6668c72031e7e62e601f>	<e048b57f6291e43030077b1be063a377>	<23f0c4765ea5780890f993b266e2387b>	<94d435a5dfbf3ec0dadb68bf6dbc334a>
chr1	187145	192436	<fe7e1550af676844381e9c8998dc102a>	<5ebac52b6e9f693a5655d730d7a4faa0>	<62b50f5aaba5cfcd5cdacac818e48c58>	<fc64a2ea64150fdf875d2fef8e484537>
chr1	192437	193670	<accf6b2b5934b2fc1f3759369f02e27f>	<accf6b2b5934b2fc1f3759369f02e27f>	<ae4b9867857cd3b055ecca06ee57ec54>	<157bd694d96048ac73202538ba2f909f>
chr1	193671	195644	<499b56e8a2e5242cc2ea140854d11f81>	<499b56e8a2e5242cc2ea140854d11f81>	<acf9c5c0f7e0de892a1660e25d70c867>	<e53ceacc3780fc0748260a52ff809788>
chr1	195645	198787	<2795b09adc99746b6789560e93b1ab15>	<66be2ac5719ae8bbd28679c3c7503124>	<1ab5670a54fb3bbbbe3617a6e077303b>	<3d9d494132c53b7058d6b1f812b051b5>
chr1	198788	199526	<d8f238292ed4962daa9f78d99be88e9d>	<d8f238292ed4962daa9f78d99be88e9d>	<0aead7dadb97601fd9e3225c56eb1642>	<c22f25537c3d7474d056fae8efdd4272>
chr1	199527	202102	<e7d673f2c6b1bc8201958b77c35167e9>	<301062efcaa1b572506e426ba28a92bd>	<f3d604ffc38ec953bbd93a7343ff71d9>	<afb66d1e70f6ebe3165f90b0543d55ad>
chr1	202103	204934	<4bac7fce2c769c70635559ea4f5db84b>	<ee919a94f1b6d27bedc2a7962c466d78>	<c4ad59b00aafb30fb2d6247199e92a0e>	<57cfdd22a9f9525c0d7cfb1de36412f7>
chr1	204935	207642	<65af8bc4fcf1fdc546dcbefe207c59ed>	<c1e8c121333b3a59c3735935ec10c429>	<be39e06a780899b5b7d4ad6519d169d4>	<b054afaaedaebce5463ff116758cca5f>
chr1	207643	208994	<dfd96dfa6d0f34ac98ec69848c66bb12>	<ef5b9bf9ff1d688d64e76f3a13ef6411>	<b29e1a7f274f46c85d0223757633fa96>	<84af7be0718177abfd3b8fdffd8e3f77>
chr1	208995	213082	<615546ef9059cd96332645cd25ac2868>	<9a3d4b97778771fe9fe98686f71bf731>	<bea5b797f73bef652744e6adf8548d4a>	<c24e51b8e2fa20025e4eba30722fbf4f>
chr1	213083	214149	<4405904ee24724983ff21a5d25ec0916>	<5640003cde98ed1b21c97f258733e8a8>	<4405904ee24724983ff21a5d25ec0916>	<85a4df0d9328193aef3f6d9b6faa629c>
chr1	214150	217734	<2389d700168d8aa84ae7a75519dc2662>	<df0f1831635109148d9344417b2b25b1>	<f5a77b9e6dc308723ff864250fb7feda>	<bcf8190c95852cda6e93e5b786a33887>
chr1	217735	218833	<9900079912f7922f89ccbc2498a48ed6>	<70cd5977cc6448128bbd57c869268777>	<798e8025439e68def0e43a0e76b933b3>	<e80056f80d0a069e07070fffa02e82a0>
chr1	218834	221641	<efa66323da1824067f67527a6fec7901>	<b0fd72637d35e54cef31466a04c9339e>	<5dbd6183c9f7311c3811027df4c9ebe9>	<6a1c37f9d3d875b1de34b23c34ffe5a5>
chr1	221642	224351	<6a2fcf46944ef29c191be33ff256017d>	<79056aab2e296acc69377ba3e4a46034>	<ac51ff1e8808f1ed0e20e8b0d3715c8e>	<46f94a15466804cfb94557464c4871e2>
chr1	224352	225664	<54cd59964a68d4f8c234306da96c97cb>	<dded88348153e443c7c2d023f553a283>	<95eb90261eec5d529654cc62c739135e>	<90197257e662c918f5649276abd7acd5>
chr1	225665	227543	<0b4ad1102b2d4be89c1ea87351548283>	<f2cca73fd25c471d540e11b5cf1194a3>	<5954707fb47d12c978ed21d135faee35>	<57c4f5f09dfcd3534f814bdd4e8ed3b4>
chr1	227544	228798	<835d9f875ee3b19643f57ff1005dab5e>	<df3343644f6ba5ef68d7e3689afa66c0>	<fd26e31cff9d588bd9b43f41d35c48bf>	<d84809fa809a68fb70efe6bb19e6c147>
chr1	228799	232839	<3c054d613923116316d4a6da605706ce>	<d93d7e004f44e42fef4611f61c698fa9>	<d8e33baed4379c6d99b1a95d67205b98>	<7a132fc57d2bacb92ff260134fe05789>
chr1	232840	237905	<c683ab35f2ad88735888a41c454519ba>	<bfce18f803110b87879d1bf910bca87b>	<81eb85e4fcbfad547c7c1c64415b8b94>	<633b14b3ec6868fb0ecfb426cc93e869>
chr1	237906	239840	<aa30e187ee6df6c9ca85c5d4dafe8484>	<fdb74c2f273b502b32e5def8197d87b5>	<ad97c513dac13d17eeacec7e3c30b7ca>	<ed625fc44f6786e9f95fd42c5b60abc7>
chr1	239841	242712	<5c9e7d6e3ddcbf5e38399205989c6192>	<515ff09054535b3340a518d326c381ab>	<c5c3397e73642955be0e521c7e136078>	<c8f71737405f648c401e69c964022e60>
chr1	242713	246054	<27ccc8e8998e42367abf276f847898b6>	<0a6ce617da71de9c73d6e29885406656>	<de0e6673483202da830dbe11a41c3fb7>	<0278f2b72d4c176b83ba30f13c2ee1ee>
chr1	246055	248440	<d05d931e34d38dd7ffa3adb77178e6f9>	<20d0b391ba809e98aa9bb429591655fe>	<535c19344064e1e34275a5e76c42cd06>	<6c1826cbbd858739bc42244727dc973d>
chr1	248441	249040	<5931f3bb641f36b158ba0465c6373140>	<5931f3bb641f36b158ba0465c6373140>	<c80c7dfa25036bd4e16e9e604918b4ca>	<45821a42a708a796f184e2c778a31f1a>
chr1	249041	252522	<f4561b02b7e10559bf7676475482d9ba>	<64d3d50b3b78d45c5bc6f9d352c95d15>	<fe7a103291c6a37178aba13deb0ad942>	<a2982af09bcb718dc105136f6b83f163>
chr1	252523	254530	<9655ff0657a99a423d18dd9a1106eefa>	<079cd88e60e47ecdfcefd3cf810d2d09>	<feccae31736694210ceced9937c6df1a>	<5ffb83ca386b3560fc9ee46f639adf90>
chr1	254531	259306	<ec4af8985f9a6a892264f6bcc4e41f6f>	<277a87142ddc0399e16c29656d568d74>	<6c4d8306c7706bf4f48609ec00f9a521>	<f96f3486ccbfb6af7dd16a6c71508070>
chr1	259307	261667	<12fa1eb66afdc901bdb912b746d7db3d>	<00e98d1b8a863e94783ed09fa5483ad7>	<bae5cd8a8cd83c8bcbb9bbe5589b7b86>	<25e90346acd120528406c5da81011e3d>
chr1	261668	262827	<221dd8ec366eef30591d639af98c0109>	<1e8216f681b28ca680996e6e2fa6f5fd>	<e7cb91e9167a860bda8b357766f8a6fb>	<107240bb648b59b91357cae3a78f440a>
chr1	262828	266324	<f5aeb1e5aed69e9b941689e51b8a5cf9>	<316fb9f6213acf04051f1b6d57a7bc43>	<2c83171b3c481b4b4fd57009947b140c>	<315f7ee5a6891ab565558cd28e8b46eb>
chr1	266325	267992	<d6a82bd825dac2e8ef6fa234c8bcfb3f>	<b1ceba7b5fb9dbfc0d3a8174c0b2113d>	<b1ceba7b5fb9dbfc0d3a8174c0b2113d>	<f870889d7d2f08861d2d6abb46a161f9>
chr1	267993	274930	<03bff0c372f345e4301ac01bf407588a>	<2e63d77ba43ba3702b5b7096092f8ddb>	<e9f8ad8658d057bec7aab7d1c6949083>	<82fe61380b831d033fe9b5330568fbc5>
chr1	274931	278599	<c52134940830be045308e95a45eb8066>	<c9aa1b1e9a61372895f402e55dfbe162>	<27dda2b93c44255b0eef1a5e48e16006>	<0b9d5874966190559f3bb2237193f306>
chr1	278600	284349	<34664b2baf3fa97743e2328aa7b04b31>	<effc4852628428aa707cfe6f32b93358>	<22475fff97150ab90c3da9940116edf4>	<4b1874dfe646bb6ce1caf51888652757>
chr1	284350	291203	<e95afeb578a9b7c4b7297368b7d5f929>	<14980ceb6baaef4beccc72d753bc0651>	<9f51136856e132c244973ea28b7e6412>	<c64b4a76e0d812b70a78265659324454>
chr1	291204	293245	<ffb737d5910fc415200b71725501324d>	<da9231c88cab87927e7d9d3fb0cb92ae>	<ffb737d5910fc415200b71725501324d>	<a8d8195ceb0bcc7bdc779c0ed52497d7>
chr1	293246	295086	<52a6962702e688fd1f6a82de1c3be16a>	<986393c4daae46dcfe2ea822f3c503b5>	<52a6962702e688fd1f6a82de1c3be16a>	<8bef0879e3b55531bf99b7c140f56dd3>
chr1	295087	296000	<6ef9ac5757ef5788f4a6fa7cabc6f190>	<760e4fc0838e55bf11bd467e1c496fe1>	<449575aaa6ec1f25d2cd47dac9555e31>	<89eeb9501460686bb7dd49d373d6d0a3>
chr1	296001	298450	<3c8f6d15b53410a1395a1c5684151a25>	<31c04fd7f70a75d6ee67914c200ae2b0>	<0685800e21b67cc339bfd1d7fbefa949>	<2942b1636558502e4300d2d13a646d05>
chr1	298451	302310	<fec5913c640ee2efdb3472b15bd2c26b>	<a01efd19112bb68f27423f25b4389621>	<e1b8b97f03e1816dbca72ddc042f5322>	<bdee67814d0dd8a6f41ce4ecc33c9837>
chr1	302311	303536	<6d2dd96186f0d81971100003c681ce1b>	<900dac53f31cf3a6a840deb4e3518c91>	<335fc7a89625d8948306eec026ce712d>	<d7de4a015109c8f512ceba8e4939bc5a>
chr1	303537	306466	<b7561ce6a4d984e20b8461cc5732cb6b>	<ac09a9a4ccb1a8ab26b619e0a3cb29e6>	<1e2e780b550f3869a9a02e8553b18d0f>	<37f3560672bd6b1a28a69dd380e46354>
chr1	306467	309541	<b48b3b41dbcbd9ea97976c2dff90ab03>	<d2fb3d51024bd37d38feb1843078fca6>	<6bc3af08f119e1dd616dae54a33cbcc0>	<fac68f8be823070f8d4d6fa62ddd0b3d>
chr1	309542	310168	<64219b661c61cd7d9102720b7744a584>	<64219b661c61cd7d9102720b7744a584>	<f24e7538015c9c4f7d9d56f88f259b99>	<12c6ce3de6a8e6690b908662cfa79ad1>
chr1	310169	319667	<cf8509bd85b6a4b2879f5c0d8248763f>	<474d9d3914b773f344b57c5b4db6f1c4>	<d0cc2fbed14631fc40b0a70c6817344f>	<8f3c183c0aabd3ce49c7ddef4784c8c5>
chr1	319668	325315	<5c39e2d865174cfa0ba7258f35caf5bb>	<722e913f9ecc3961e6b186ead8148f69>	<a49e02721bf84f1cf54c5fa73081bfa5>	<6243ecb2e58ed67e99549363bcfde3a5>
chr1	325316	337912	<93e909bc72cd3c90c3c4ce926833fe35>	<c822e50292e2077176914950befbf278>	<a2baa1b226019efda63949eaaf19cf5d>	<e6e570c03e256a09a937c7303f23071b>
chr1	337913	340088	<377383a1c4ea8eecb974d34b41e68c25>	<377383a1c4ea8eecb974d34b41e68c25>	<a216e3b186882ea5de30ff6c635edf0d>	<c5f2a40a10b9ed216c927d2d376b07fa>
chr1	340089	342040	<a67ab2595e9a57cb4b464bb26598ad13>	<4ba7bbc8091a1823c1cd64b60808f891>	<ae2eedde2e67aab61a34429f15db1c06>	<9824d1b71a2514abbb511d087c7c5134>
chr1	342041	342917	<7b74216e261e0f45bfaff4ad48bcb7cf>	<7b74216e261e0f45bfaff4ad48bcb7cf>	<b2b9ee860feb33e266e9c7c858348ea0>	<8bcaddd8c4cc2d95be90135e29aff0f8>
chr1	342918	344400	<381fe1be368f1b02141ea49fe9dc0985>	<381fe1be368f1b02141ea49fe9dc0985>	<241167ffed98dbdd2b91481e4f5dde3f>	<a0c0ba6242414e3d5a3ec024cbbd2861>
chr1	344401	345515	<e3cc7ab8aab1d731650cb9cb062f3b2a>	<e3cc7ab8aab1d731650cb9cb062f3b2a>	<ced4499c889cd9d86efdea30292645c8>	<7fccf81dc4d7744337d4e29de22abf2a>
chr1	345516	347612	<6304a2ff7c15f5e64ffbeef6c9bd6502>	<6304a2ff7c15f5e64ffbeef6c9bd6502>	<a5bbe2bae2e933fb06c9f9b1a60b6837>	<1f3ab2996c58d0e0ccd8b2a5a607a2c8>
chr1	347613	352545	<04fa87d5657150329dbddc465645bdfa>	<df21c2ef722ba36668dd8e3c3527b839>	<97fdba1243c20cc3909971be7920f851>	<9bc7ffe8e65b2139586b90b9637e41e2>
chr1	352546	357258	<c78b838582834206a1f791c84d26a1c5>	<83de2f0f9f4b109d6ab88a440cb366bb>	<1df9fee2e03504b4f2ff11b76929fc0e>	<0839df6a3d8e258c42ae9215c67940d6>
chr1	357259	357905	<cb986fd42593edd393874cf8ef1d13e8>	<3058996e2d3135812c95f8efbdd61ef9>	<2e89123a3f4d8df661f61bca147b9566>	<cb986fd42593edd393874cf8ef1d13e8>
chr1	357906	359116	<4f8556049148a2f79e52916c8f4f3462>	<bf2fdc4dcac81f769d60b6ed3ba7a963>	<8b2e17d04a70fe4de1a2db62ab27e023>	<c075a711752dc4498ba49f3ec916e424>
chr1	359117	360917	<1c2101796c78336969dc60e0c9bc1bfe>	<1c2101796c78336969dc60e0c9bc1bfe>	<b88c8806882894458c28f2b89ce3eab2>	<713aca862af89dd12a768b4fd51c5511>
chr1	360918	363142	<91369e9dfdec67f9e5952303c76f8ae1>	<91369e9dfdec67f9e5952303c76f8ae1>	<1c013d92a8cde07bf75598ace32040fd>	<fd0ea0316d44a69153f6187396487af8>
chr1	363143	365164	<58e94e2e8bfb0cc868f8afbde5b1a8c7>	<443efea1ab4a3262d04ad4a5cd9d7717>	<9cb308fcba9e05bfe57fe63040d80569>	<3a2dda95f6dad97f984f3d8ac7abdc97>
chr1	365165	367443	<7fee14bb10b164972e00d9fa0af6a9e0>	<7fee14bb10b164972e00d9fa0af6a9e0>	<1380bd0651e7100f8aeb876d55c40cbd>	<3a0f2cbf79b83d29cecc01b8678c62fe>
chr1	367444	370194	<404044a8b4b3fd751c7351be954b1b96>	<212747d17125ac210f1cfc3e11342a4c>	<cf39c422edf8b74f3d374c5e0a2fa216>	<129cacf5df4d490d84289b6a130b6e3b>
chr1	370195	371090	<8b0e4394f04dd421cd04ed6e22e3d105>	<42654475496fa35a06d040d3cf8bb0f9>	<c4b5fc01ae0375643dc426d2748f68b3>	<97218b6a65e0ca1222b199947a136975>
chr1	371091	373334	<76c989eee13293f26abedd63d388a374>	<9c06f4edacc563cad9f98124d8a207d8>	<075fd21cd41d577edf6307c6dd68b5a2>	<351b7023d97efb9f17bb86ac0f426b35>
chr1	373335	386913	<cb3bc32409ac1148ec5704b67bffbfd8>	<05e5f18f522d9d77a3d11c57faed59d5>	<747087e175e81d3417448d3fc3a68f1f>	<fb10362fc09c0f1d52deec964ba17dd6>
chr1	386914	389811	<dfa9b43d5b04de232ecb1cdaf77d649f>	<297a1fb776a25f97e7e84a8e978059ea>	<33910f2be02d0ca1787dc87e19c6e633>	<1dea988e5b5b0641572aae6218417ee6>
chr1	389812	392816	<8ca64a446aa21df9760bd1f30b5636a8>	<93d50392f022e662d4f1da22e1e62da5>	<5be2ca12b0e29f293b800a9ab139eb97>	<370e118e796587e0303b3aa96d94d297>
chr1	392817	395688	<f821d872dfcf6a07f3d02017f64d9e52>	<a0e4cd14a1de3613b9a901ebfe04b58b>	<aa3aa554830394efc4979a5234df39a5>	<49743604e9dec88bb493478cda08b29c>
chr1	395689	401919	<5e9feb4e2a4b1a7744e9c7fbaaa602b7>	<c9cdc1a0bfaffedb8533aa866f3456de>	<d93b00bb5d2d6ca4dd892d2fd7869292>	<f68d8f7aac71b92e723bbf89c044d390>
chr1	401920	403099	<c9569c001747e50c164ca5680dd2d2bb>	<59d229df84c5e2837151653bafbcbc07>	<aff79b3bdd9331fdf19010d9b93ed93b>	<4e82cd85f8158f51b54613771ac1a58c>
chr1	403100	404599	<d771bb5301856499b9562a11a25c5109>	<f76141b20ea54514689d73ec71410a17>	<b815da7ed2c124639fb134acb2a58feb>	<ec05012b6a5c2bf281431bf01ba862bc>
chr1	404600	408619	<d1a68e431f796a2eb6b23d427d136d14>	<8cd4671f9279b9ed95b98ee95984d40e>	<c31bb29facde1a5fc3e1be0e565602c4>	<80131ffffce835aa3b35475c38f87d38>
chr1	408620	410680	<dcb7ba6bf1dd30e17faf8dbd1bfb8f24>	<55c88909fc02c79e317f483ac388077a>	<528092fbb6bf71d6924ccc87c990a4a2>	<f2ad1691c71cf077e34cc42fd96eee96>
chr1	410681	411663	<cbe02a7ea3505e693cda9de50aa31d6c>	<83da13a56a19341ed7363c12cc022d67>	<83da13a56a19341ed7363c12cc022d67>	<95284046a41f388b2aafbd224ebf57de>
chr1	411664	414649	<78dc39325442869af1ce8e15051e444e>	<ffaea197b2715789791ac2bf41fae57d>	<e78cf607624c5d2a8644cd7c1b9c233a>	<78dc39325442869af1ce8e15051e444e>
chr1	414650	418415	<c24392443aeb06967353d064e1479ce9>	<e70b73fd21aeb52838c824e48f06295d>	<feef6cff878680ea75760414cb5e17ae>	<b8e24b902d7c24ed796361f0cf109d70>
chr1	418416	422579	<c8e4153796d068f04112526310bac60a>	<e5eaae1d81a409d8fcb26f3f9954a110>	<6bbd6a5bc3a4322c095b2326515f2e7d>	<9431a32d17541576b602b413a81fac56>
chr1	422580	427547	<5b7a9716781161c5578af026fc5c4a8f>	<8055bd82c8dc62d19ec2f869ddf45a36>	<43ba5caa15ea05530816352cd74d3713>	<4828a6582601c1d854b00416e2d0423f>
chr1	427548	428649	<602fe30cb94c3868695c162e2ed8490a>	<0edad95af589ac6604933cbfe1784386>	<396e790ac94040237f2f4b321d706736>	<aa972c1eae21af9d07772426ffbc98ad>
chr1	428650	430720	<a4b431d58c49f97adee104142c3cb72c>	<6068663a77451f7be83fadab57e1484b>	<7f6a058b14129400ea28dbaf80284a57>	<ddfbbc3f470efb5be69f27732a403571>
chr1	430721	434964	<6ae2725201cb6ffad2d008bff3b4241d>	<fa78f77044b99916ee263258239e3b2c>	<3e2dbbfe99696dba7843e299bc093145>	<578a570dbf665f53bb66147513099b11>
chr1	434965	436922	<003c359b4a4fb8f480835ae62e7b82dc>	<b2022c2cae564cfc10249899a39dad15>	<d0571c06d2a5b0ac58c7fe7451192548>	<9e997fc64103c5b86d65446b19448663>
chr1	436923	437859	<be473f261c244920fd3eeecd31a7408e>	<f470b40bb87a42a8e7d2f32c0d4fb1a7>	<6978c28a8141de7f796151044f0a2a83>	<921005d46f61b67421193f3c5b6f2d77>
chr1	437860	439559	<e61dba57da73f46bd58235ef017d8bdc>	<ef769d3b76db9250f8d208002a18602c>	<a0e56eec71f74c0436a5f5de4bbc349f>	<0e808ac86c526668cacd2f639f9f4e9a>
chr1	439560	440199	<9530a22bf5e3b2a6a88008eeb52d62a0>	<a75cff4ec99fff549dc48eae94bcd987>	<900eadbcaa7d8e2e6f657e680257fa1b>	<900eadbcaa7d8e2e6f657e680257fa1b>
chr1	440200	443117	<b3ad41ace8140d86e566a76716b95eab>	<1e4809fcbb34cd701fefebc61d4b7e52>	<a76b6a1313abfb17e75c49f9efc446f9>	<42bc4fa338854db9e83407dfcb5e77db>
chr1	443118	446296	<ef42bc764214606ced4b31e079122034>	<f4f0fc33ee0ddbe630f5cd8017820c15>	<80b62e04bafdd28dad0acac38c9092a0>	<40fde9eac9a0669c638862437ee8e125>
chr1	446297	448422	<3a798696b35afa595c120ddb1df72ae8>	<f9a3c87c2489dd446e2c2802f9b020b0>	<7b86d8c7bb3d727436b9fc7e257bb09b>	<ee37cccfbbd9e98cb255143787028834>
chr1	448423	450460	<873a0c5e96feb58ff210e9ea64689440>	<4cec3024a41b17dbf53fcc6231a321eb>	<bd1d6c99f9ad4d5594ad4cb340847569>	<9af69bdf90d7ae389b43e048f8aaefc8>
chr1	450461	453106	<bec0507007b15aacdb3ef42fdc54ef6d>	<6cc421e671f7ab3a116ddfe6d0d34975>	<46163ee36e080016f7ae0c2a8c9aa2c6>	<ed519140299184d7dd6764ccf21d592b>
chr1	453107	455687	<42d3785f46e5cacaf1004eac61d9f79e>	<15592c4c56d1a9a52be452c7e205514f>	<54b3fa983490565d04948747755dc289>	<1895ba370e70b63169a7891efed1dd5a>
chr1	455688	460831	<c922e387865dbe521cd4b2ada6c73fb6>	<191de152cb02d1b75f5cc7db3ae5a7c7>	<7e7fba8e3de8103291c7c00f4d2f8ef1>	<aa3e5e948d0a6a0cebabe2aa72d94e51>
chr1	460832	461827	<413ccd6aa4d1bc460fe7d768c3cce241>	<396412a6da3e39396fe52e32d964fbf2>	<a7d582a0bc2cc52ec43398c91adfeb15>	<92f7c7b2aa06b3a46f6876fea2f8dddf>
chr1	461828	463618	<cde26a3c923b0386eae51452d6e8ee41>	<600a0a130e2856da973e2c1d13f6d150>	<92ad7bdeb6b0b3073d4bc0ad43c88fa4>	<ced1b420c4adf1a636e887eb44bddcde>
chr1	463619	464981	<fcdacd7cd75cef13cc006b9231cfcd20>	<6c28fb107604a318823b6a2df9bd07d4>	<cec12e7d97d5ca52d908b4b032fbadee>	<7e9a52fea3e900543b258077c0a8fcc2>
chr1	464982	465615	<edf7d43aa6388c861dba92330018c7ee>	<6f0ef96ae0bf879c13a6b3a89dcd0a00>	<7659de74c12801861e6f747d6cff8005>	<33f8d7a9ff8c6d342a8fbaba3880da3e>
chr1	465616	467880	<8a17eef38a278801af596566987da036>	<b22c3624f4178efe65b92fa1928c076e>	<c5653272ed4eabd387b4928ad56f0f63>	<84ff3dcbcc52e0803036cc7e9ea288e7>
chr1	467881	469817	<e62ff1bff4f735393c5aaffc95286021>	<de17691eef6a3e969deddcd3edb5da95>	<d2413c391c2d7222d3d7a51a63c33045>	<fd1af19b7fb0e8603b4285708ebf10e9>
chr1	469818	470693	<0268cb1e420f1c114988f793c6228c3d>	<675cb9d5e0ec74b7bac5a2c0496bff7b>	<166a63b85b28e340da97b942eab0da8d>	<2cda357b6d39a4852158c39e1c5fa27e>
chr1	470694	471882	<13a84540367fb1813918663f84d4e239>	<4fb37d3bcdefdbea421887bfd10635bc>	<1a418ff5326091f1ed258a1ef3f101ae>	<8fc9693b381147dc4602e7eec5a3ac84>
chr1	471883	473336	<866cf25e474bab5019b8487445600e46>	<abe5457523bdff1f1f85c0f51eec74d4>	<fbbe0d8374840fc3a57fd11de1c2fce8>	<7cf706c29477015b931e0602a02a118b>
chr1	473337	474372	<36e49160a4f8ce6da9faa9c803abf068>	<2d11311db3d0457f06ef3d116c23780c>	<b62a46f68d7fa30bd3be2285b67c4b50>	<bb87c7230e48dbd349aa45c1c7ae8223>
chr1	474373	476612	<683df03fbd5abf02d9289cc74c2b2d01>	<c4a4c45bbadf66114c417d9e5c1214bd>	<282d5ec081794ffa97ad0b38f405e2cf>	<d90ea575c34150bd084f5585907873c7>
chr1	476613	479112	<da20443d39afd4b3ea5154dd678b1c27>	<9fe431e0f1190efbd1423ec098f8c598>	<04682820cfd921870a5152ebd27b5e79>	<b4c6120d21751d3774fd233ec1c46d9f>
chr1	479113	480649	<036cece6d0fe4117724332bb700e1dc2>	<5f6822ec689745afb74631c70b0d3185>	<75a08cecc22365b5e39c0f4c480c36e8>	<75a08cecc22365b5e39c0f4c480c36e8>
chr1	480650	483373	<63ddd990b7264f03370e8a59a895766b>	<9d27f943c891c3708602903ff7070ea0>	<cf9ca1e9cd02713fc44575b4834e98d7>	<0c9debf788b79769638ce5d11cf6fa36>
chr1	483374	486799	<8067ba1f6466a0eb21cf82374f2e414f>	<e7c7d3234b77d44a70e45b65bb586ba3>	<140f7ab18f2150c99e71363213cd6dc4>	<cf7ba7e66c51499f4f9c6aca175974d8>
chr1	486800	489651	<c3425b7f9eca4dcef48f1ea8e162fd04>	<ea7f11203eb62b9f8c510b05a4fbffdf>	<2398ea47d3b2cad7800efdf631582f46>	<356c47d75232ebfde56e1dd074a5acf8>
chr1	489652	490859	<a47eee68b8fead285a6d10d4200fc802>	<b7150a2228dccbf6b094be2c444a8e91>	<d35baf887f5f7cd3d2c0cf3ec3ed14a6>	<04b93039776b1122ac42f5b876a8752a>
chr1	490860	492979	<005784fec57cf38ccb0a0e7ffef11d27>	<fe3a3484978a495b5074a24a9c80287d>	.	<3e7f4de8458644fd948e5e23877cd93c>
chr1	492980	493638	<3d67cc08826661db336595bf0d447e65>	<3d67cc08826661db336595bf0d447e65>	.	<4c31632a321bb438fa16b591a3b82e8d>
chr1	493639	496332	<7fa0ee68618c5373041e0bf78abb17a9>	<6ade92ae640d9e300b06de70de891aa3>	.	<b193d984ad6146c0977c1ba58eaae990>
chr1	496333	497555	.	<18c1f0436fc2be40e279e824ec5fc97b>	.	.
chr1	497556	498539	.	<8048da54d7e3a910d4a04204bc13ed88>	.	.
chr1	498540	500000	.	<4f5ea9576189ff9464d29612b6e91ce5>	.	.
chr2	1	1024	.	<061583af0cb3add69f5abaa481cd4824>	.	.
chr2	1025	3173	.	<5c11b472c150a81f57aa69366d08ec9f>	<f3701837c28832adabc3acd2f1f73029>	.
chr2	3174	6570	.	<8b00040399e4a5ee497c9adfb49e43f9>	<0d61f8370cad1d412f80b84d143e1257>	.
chr2	6571	9767	.	<48c8c84c2e979ec9c09c3ec8efbc5b34>	<0d61f8370cad1d412f80b84d143e1257>	.
chr2	9768	50287	.	<d2482734d04c82a3d71abb7e48b73014>	<eea6fd72a4eb4c4502956d2a0c745a4b>	.
chr2	50288	51487	.	<a0612bfd32db5fad60ef38818efe8185>	<8de95544ced69ca53fec7730c17557e3>	.
chr2	51488	53268	.	<0aa6ea3c4a7a9f3436c7fe5690bc6e4c>	<bfdef0401d1f5bbc3acec94fd508090a>	.
chr2	53269	54468	.	<9095415978e1dfcb1820963dcf5528ed>	<dfcf28d0734569a6a693bc8194de62bf>	.
chr2	54469	68336	.	<87d55a2f5e24603797b20739ec5f2f7a>	<dfcf28d0734569a6a693bc8194de62bf>	.
chr2	68337	69884	.	<b1c3079a3ce4fa8936ed82991b01e1ce>	<dfcf28d0734569a6a693bc8194de62bf>	<5742b7848e3a770e95730bd487cdeed9>
chr2	69885	73207	.	<6c711c55199b617b5bdf795377b01e78>	<dfcf28d0734569a6a693bc8194de62bf>	<68af3d0ddb68fe50847513408bb8fa4e>
chr2	73208	75519	.	<32bfadff0125b3d87178a8f59c342784>	<dfcf28d0734569a6a693bc8194de62bf>	<0d61f8370cad1d412f80b84d143e1257>
chr2	75520	77865	.	<854d2d3e58c2b1cad413d1115fa37baa>	<dfcf28d0734569a6a693bc8194de62bf>	<0d61f8370cad1d412f80b84d143e1257>
chr2	77866	79778	.	<7956857b9c003eea6f960d58f78db563>	<dfcf28d0734569a6a693bc8194de62bf>	<0d61f8370cad1d412f80b84d143e1257>
chr2	79779	85400	.	<3aa278eaaf5abf90e193fac6b5d2abf2>	<dfcf28d0734569a6a693bc8194de62bf>	<a60ff968468707d1124afbde32a58104>
chr2	85401	96863	<0879101d9394d88af5c11ac43713179b>	<adb12f8753486f6c7d3d777cdd003ee9>	<dfcf28d0734569a6a693bc8194de62bf>	<1d9723191f17b3f1a0b5b93f16c77bf6>
chr2	96864	100483	<7fb865bf3b92a07b04e4fde4d589cb4b>	<eddc806ccbc623d7fc12930ed2a92a70>	<dfcf28d0734569a6a693bc8194de62bf>	<0d61f8370cad1d412f80b84d143e1257>
chr2	100484	101566	<260c3f51d08e340bc58a3b76f5da68b3>	<47262d8c7acd52eeb571d6596a2888cb>	<dfcf28d0734569a6a693bc8194de62bf>	<0d61f8370cad1d412f80b84d143e1257>
chr2	101567	102155	<29ae980865e3f254b7844055037a0516>	<173b583847d50bc09283145bf80d1f93>	<dfcf28d0734569a6a693bc8194de62bf>	<0d61f8370cad1d412f80b84d143e1257>
chr2	102156	104574	<1cdc20a1e8b525e2fc181b0f2fc2115a>	<ff6c745029b175f04de07d7bf392f438>	<7c87fd71355937c41a8eff70d634a2bd>	<0d61f8370cad1d412f80b84d143e1257>
chr2	104575	106620	<02cf160808173778a30345006d122e4b>	<43ca2c76f9075a224a1bae47638e01b6>	<0d61f8370cad1d412f80b84d143e1257>	<0d61f8370cad1d412f80b84d143e1257>
chr2	106621	108829	<04de24a1ad77af16c9e088ea71a00f46>	<7522b996272159f5813662e059de054e>	<0d61f8370cad1d412f80b84d143e1257>	<0d61f8370cad1d412f80b84d143e1257>
chr2	108830	114925	<0d61f8370cad1d412f80b84d143e1257>	<a181fd8a3bdb9f63c1de8174399419c4>	<0d61f8370cad1d412f80b84d143e1257>	<0d61f8370cad1d412f80b84d143e1257>
chr2	114926	117968	<0d61f8370cad1d412f80b84d143e1257>	<473ad9f6fdbbce310cd0ec5de02212da>	<0d61f8370cad1d412f80b84d143e1257>	<0d61f8370cad1d412f80b84d143e1257>
chr2	117969	121980	<ce294b049095ae2c0adef6d3deec273c>	<98ff70afcbb9773cd4227183ab871354>	<0d61f8370cad1d412f80b84d143e1257>	<bf84ec3022e6a41e9f781ed84a006661>
chr2	121981	123022	<8622565e5fd625441348e707a10776b8>	<9bb16fa2088a3e12eb9512f0d47a3a76>	<0d61f8370cad1d412f80b84d143e1257>	<4957c1afbf14407fc01471125c8aeb07>
chr2	123023	126611	<9e314ac13746e6faa04cccecad22494f>	<42a5a4bfed2a9944a2b98a548d2769e6>	<0d61f8370cad1d412f80b84d143e1257>	<4155cb69da6dcd8d8b945b8f0f666b52>
chr2	126612	128290	<b9ece18c950afbfa6b0fdbfa4ff731d3>	<e3d1297a1cfa396e290637a7d5fff3e2>	<0d61f8370cad1d412f80b84d143e1257>	<b9ece18c950afbfa6b0fdbfa4ff731d3>
chr2	128291	129132	<b9ece18c950afbfa6b0fdbfa4ff731d3>	<f8c0637b611d4eb275d7cbeef29ff2c8>	<0d61f8370cad1d412f80b84d143e1257>	<b9ece18c950afbfa6b0fdbfa4ff731d3>
chr2	129133	132577	<b9ece18c950afbfa6b0fdbfa4ff731d3>	<6e7ff4066f4a7b7a9120b73f0422551c>	<0d61f8370cad1d412f80b84d143e1257>	<b9ece18c950afbfa6b0fdbfa4ff731d3>
chr2	132578	134455	<b9ece18c950afbfa6b0fdbfa4ff731d3>	<097590b7a0b726bc41e98540cdf0fa37>	<0d61f8370cad1d412f80b84d143e1257>	<b9ece18c950afbfa6b0fdbfa4ff731d3>
chr2	134456	135222	<b9ece18c950afbfa6b0fdbfa4ff731d3>	<133e753b714c9fafec85b7981c5095c3>	<0d61f8370cad1d412f80b84d143e1257>	<b9ece18c950afbfa6b0fdbfa4ff731d3>
chr2	135223	137916	<b9ece18c950afbfa6b0fdbfa4ff731d3>	<6c0849a4fd751b22aef863bf588d5f20>	<0d61f8370cad1d412f80b84d143e1257>	<b9ece18c950afbfa6b0fdbfa4ff731d3>
chr2	137917	139308	<b9ece18c950afbfa6b0fdbfa4ff731d3>	<ce76618ad48209125219ead5b4629ec6>	<0d61f8370cad1d412f80b84d143e1257>	<b9ece18c950afbfa6b0fdbfa4ff731d3>
chr2	139309	144524	<b9ece18c950afbfa6b0fdbfa4ff731d3>	<f706b84469eb1984a981c5ebc8cce424>	<0d61f8370cad1d412f80b84d143e1257>	<b9ece18c950afbfa6b0fdbfa4ff731d3>
chr2	144525	145675	<b9ece18c950afbfa6b0fdbfa4ff731d3>	<b5bf00932ecf328a893616185868b101>	<0d61f8370cad1d412f80b84d143e1257>	<b9ece18c950afbfa6b0fdbfa4ff731d3>
chr2	145676	150585	<b9ece18c950afbfa6b0fdbfa4ff731d3>	<13fa129593a15dec66c3ee5870eeeb41>	<0d61f8370cad1d412f80b84d143e1257>	<b9ece18c950afbfa6b0fdbfa4ff731d3>
chr2	150586	151971	<b9ece18c950afbfa6b0fdbfa4ff731d3>	<ee3971349fe7aec92344bace8eb08c1b>	<0d61f8370cad1d412f80b84d143e1257>	<b9ece18c950afbfa6b0fdbfa4ff731d3>
chr2	151972	152827	<b9ece18c950afbfa6b0fdbfa4ff731d3>	<da3872a16a41c96447c5457b7b1649b1>	<0d61f8370cad1d412f80b84d143e1257>	<b9ece18c950afbfa6b0fdbfa4ff731d3>
chr2	152828	154096	<b9ece18c950afbfa6b0fdbfa4ff731d3>	<9baabe838fe4de41126950b2f32c0b79>	<0d61f8370cad1d412f80b84d143e1257>	<b9ece18c950afbfa6b0fdbfa4ff731d3>
chr2	154097	160870	<b9ece18c950afbfa6b0fdbfa4ff731d3>	<9dcc1c248200ead6920da26f38b467b9>	<166329e84a53a7fc62257140cb626c98>	<b9ece18c950afbfa6b0fdbfa4ff731d3>
chr2	160871	163953	<b9ece18c950afbfa6b0fdbfa4ff731d3>	<a317018adc0a9f3bd4d72a76641791ef>	<dfcf28d0734569a6a693bc8194de62bf>	<b9ece18c950afbfa6b0fdbfa4ff731d3>
chr2	163954	167259	<b9ece18c950afbfa6b0fdbfa4ff731d3>	<bb1cfa536a58944edb4de19874a95f85>	<dfcf28d0734569a6a693bc8194de62bf>	<b9ece18c950afbfa6b0fdbfa4ff731d3>
chr2	167260	167930	<b9ece18c950afbfa6b0fdbfa4ff731d3>	<50f3296d4422b84dbea690a14be9aded>	<dfcf28d0734569a6a693bc8194de62bf>	<b9ece18c950afbfa6b0fdbfa4ff731d3>
chr2	167931	168630	<b9ece18c950afbfa6b0fdbfa4ff731d3>	<9d70d0e4c4010198ff950d846d4267af>	<dfcf28d0734569a6a693bc8194de62bf>	<b9ece18c950afbfa6b0fdbfa4ff731d3>
chr2	168631	169642	<b9ece18c950afbfa6b0fdbfa4ff731d3>	<1fb0baa98c29817984b2dd13fb9c66be>	<dfcf28d0734569a6a693bc8194de62bf>	<b9ece18c950afbfa6b0fdbfa4ff731d3>
chr2	169643	171097	<b9ece18c950afbfa6b0fdbfa4ff731d3>	<05c6d7bd23418a397b750b844ec2647c>	<dfcf28d0734569a6a693bc8194de62bf>	<b9ece18c950afbfa6b0fdbfa4ff731d3>
chr2	171098	172175	<b9ece18c950afbfa6b0fdbfa4ff731d3>	<03927e66f07369dbfae6d07f0ded06a1>	<dfcf28d0734569a6a693bc8194de62bf>	<b9ece18c950afbfa6b0fdbfa4ff731d3>
chr2	172176	174167	<b9ece18c950afbfa6b0fdbfa4ff731d3>	<9d5574fbac3622bb94aeddf47d3e09db>	<dfcf28d0734569a6a693bc8194de62bf>	<b9ece18c950afbfa6b0fdbfa4ff731d3>
chr2	174168	176407	<b9ece18c950afbfa6b0fdbfa4ff731d3>	<3c31ae279af8f30250c1b34a09641400>	<dfcf28d0734569a6a693bc8194de62bf>	<b9ece18c950afbfa6b0fdbfa4ff731d3>
chr2	176408	180032	<b9ece18c950afbfa6b0fdbfa4ff731d3>	<bb8d69f644352f1dbde20f9081927dfb>	<fb5a0b8a61363046ced1477b212e2a56>	<b9ece18c950afbfa6b0fdbfa4ff731d3>
chr2	180033	183764	<80f28efb4fe64c56fe4cb30c3f065cd1>	<b34c3588ed13cd2584d5e0e7a7ea70ef>	<3c06b36b455ca80d8a7d8a29c258ecdc>	<834c89984c10e3df82fe35ff638b2f5e>
chr2	183765	187607	<61b0d88c61f9a081c9ef418924ec5912>	<0175409f6b05a189a2aafed004c8beff>	<b972b7a99171f225bd2ed7d69f370c2e>	<8121df872146b062cca3c804c34d7102>
chr2	187608	190369	<07dbb5dc54e793fe98f9111a6d5ef72f>	<63e2ca577f42843e18e3cee12f07dcad>	<bc1d331ca6b8d1853c1871ce55404896>	<dedb65bf3f5e96b35867eecf8b2161c4>
chr2	190370	193163	<9ed491a9cd6e0844f6f06fa6ab5ccec4>	<6e6c3b5330a458e6b983895620f7756b>	<c44137c624826e673494645c1fec3ddb>	<4f0ad8cabe83570a471155c2731a77de>
chr2	193164	199280	<e2197cc98f6cf8d4bb50606165694f7e>	<27d1ef3879b89ad319cb8c2821bea664>	<42b49ed35122124acc5650ddedf8c7c8>	<7366474385ac859097979180cdda5398>
chr2	199281	203126	<a177ffd37088016b57f15360a91c9c53>	<fe613dd5a69c6a32f72bf393d6ed4d57>	<3e0bc167cec7bfa27f702535c09eaae5>	<d6735e6ad3c25beb5d7b1de73c753e50>
chr2	203127	205774	<17d05c7e641135cefa47fa41111f3090>	<afe8cd670700e8ac280eff2d2c224ecc>	<93bfbcb11c87406fbcdb94da5c3eddd0>	<0fa19cc37a3c0c53dddff4382d49f267>
chr2	205775	214473	<4eaa517679e9e1b959620143c8c37f90>	<99f6885bb218efa372e23081bc664654>	<a74aa36afa1a891e8aa86c9837b83155>	<143c1b7af5090823d58cdc84fec23d41>
chr2	214474	216604	<aa32553fcf4cf89a0165a5fe0c73695d>	<b71254cf6d75aa6f7756aae62eddfb27>	<ecdf95e165cc4edafffd8759bd3e4282>	<ec2ff07049145c06f24d1d760e4647c5>
chr2	216605	221002	<1b37e0d178045d16d9ec5c5c3a41ee3d>	<d8db80a4d7e58a3847f9c641bed9262a>	<52efced814553349f8d08b6e9a731664>	<0ab10f22f00f3d91ce9213e9ea1ee36f>
chr2	221003	223809	<0d83a05b1423a30bed2ba428c3aad730>	<8fa0cffe8f9e5cd7f20334e137a07ac4>	<9a018269aa9f9fdb4243178699466161>	<f50c432ea4d91761e8b6bddeeada9b20>
chr2	223810	226234	<832af87a2cce3c7c1b73f6942f2c0c4f>	<c12f69475c30b01f518977b632df8119>	<5b1905956ab330478b68c3eb8c73fe64>	<f00d79310a982bc9bdbabda3c93bd8a5>
chr2	226235	228576	<2e8efb11997a962244619460d2ab6b3e>	<e349b166bd56d877c0f26588c48725cb>	<8cf501bdc4cf841dcc361f99c9c2966c>	<d44fa0bcd3b18047cabe1f371fdf4828>
chr2	228577	232540	<e7371104102e5dafd7252c1667a5088f>	<26a6d70f43a5604b3edc976c14c9046a>	<fb266e12704be1c41ef520643a5f6690>	<4f2c7276f951c8677d3a8641a7c55c31>
chr2	232541	235924	<0d8b7b2691a7b0d19afdec3e278a8e72>	<9767cb5132eb07f4f4cad613950df139>	<fec1be9eaf472d9eadec9fcfe8c1dc79>	<79c5716c32f7be95b545e4bcb11b5684>
chr2	235925	237253	<41d2d05adf5976cb6bfafb1d705fd8b8>	<f3d98253ff5bcc2f0969d54e2bc08113>	<0d04e97d35c35319ca1138cf4b39277e>	<48eada786cb96abaf69176b8fd49d5af>
chr2	237254	239668	<111fda9587b6ddfb18479d9956bf9956>	<6480980f0e9635daacbc128dfd99c76d>	<83374170c09441f05dcc193bf405c3d2>	<77788293ce0057f689a4c4a6f971ac19>
chr2	239669	240687	<54290d8c9c63e5c8f435c9f765495987>	<3ccd67c0f7814f200d7114d7bb79bc0d>	<54290d8c9c63e5c8f435c9f765495987>	<215839f2c1f7faa053fc27e37e31538e>
chr2	240688	242040	<7c7946f55540b48e30cba098e2e76903>	<89113a7bba454039b1c8498df4bebb6f>	<9ab88909815d0ab11396d374fb320d33>	<33152652cac5fb95084d6b97a14bf4a8>
chr2	242041	243649	<bca8d88b847c2453b0af435a44d4f1d7>	<58f72dd5a15f1e9ef6bdd2c358e5d91e>	<2891d6ba6003a0cdf964cea2f8c53c5e>	<9c8506892eae109aa12396a0c082833b>
chr2	243650	249686	<1f499f82fdc0ff81ba4a7101219c9d8d>	<8530fac8969ee287b8bb4b903642c503>	<fedbdec9fa329883fa7ef19059c986a5>	<745639b55a512c171f365f2681a8660b>
chr2	249687	250244	<e3609215fa080757699b4e1150d5469f>	<fee8616706a3462ebf1e6c5a4ef84db6>	<0280c370fe7f9f51adbedbd7c1a83738>	<258f6c046b6b8889e88094a593bb6f31>
chr2	250245	251806	<777bc8de5ca53f60bdd1da681addc695>	<cb6aea1ab1de2a5bca8214542f4e84ee>	<67e43739437c77370d03267e4a8910fe>	<ea821257c1c5ca9c405dff07b8a59081>
chr2	251807	255246	<5b1a90a206bf675735fea85cd5d52c9b>	<72ba7c7ee68ce2ab97644a61bd7a082e>	<d93c7f55c15f5bc79813ca73c5c96375>	<1854c6c91b66a3c910d1d84a4ac579e8>
chr2	255247	257568	<1db11ff12a4df48bf6bb6d1bd8e42801>	<3580df37c0b30f9eb1791fba07323a09>	<a0cf350fabdc8740e839106d90bccf5b>	<601b6150858bd79543a4a7a2718f7e28>
chr2	257569	265021	<34a6e9ad6290fa2b1a02d206fb7eafc9>	<8a8c570f571f1046f6eeca23f631bbb5>	<7aae169bec4e8bd6049f7a81e34954fb>	<3cd334bcc9ffd50b43e5af3d1062876f>
chr2	265022	265948	<e2b734eac6e94a94b871f3f37bd37ad7>	<b2e1f65ca4553e689cde94ac84385e80>	<b83a295055bae807a0a4a03a16847f73>	<3602c2677d91cdae73500ec07d3f04b2>
chr2	265949	266558	<6503bb85c4d632211ecd3f59b036c493>	<8023539fdb1c11d9d3a4d090b4981798>	<d1c7e1e7bc01a1308b04a3caed87a655>	<7da8ad6d3883ffadeeef1df71cf99e19>
chr2	266559	267926	<ce271dbc42fd87b8cbaae208bf7e64ad>	<e85b22bace302934e72a61d5a0f8bf6b>	<4839122210e77b54c03a689e5d5dc103>	<0623953dc7d4a7dc25a36e66cac23413>
chr2	267927	268713	<5a3776b30b85f33f0fbb6f5633471a3c>	<81547b95723c5fee9d5c690ce7000c7d>	<80fa1014f33316ba619f0035a667119d>	<f128007a49aee1399331f0d0598ad690>
chr2	268714	272676	<d900cc6de72c46588e9511231e233f71>	<e04afa5ff801b5af995ee092a9719db9>	<27930c96ea1fc852196a3d043b2d5477>	<4d579cca69ba9016e3e55b98545188ae>
chr2	272677	273894	<5222665f3ce2a86d9c1c988b9c6da086>	<54f5b6c46edd216f5c24e6a0f8183691>	<796625e6a7c92fe90a6efa517a50c98c>	<c5d3058083bc5b6d9090952b203f3c9a>
chr2	273895	275002	<98b09154b3bbee2adb138ba6343cdfcd>	<cae3f69f93d4a47b11316f2c0a09350c>	<c16d65f3dda742468cdfec9a566e5a0a>	<f1db7da0a99a2d57f56dc6698675a91d>
chr2	275003	278123	<bc6d35f6eb286b75f60c638d7c1ebd6b>	<76172d23cc2fb891511732d5ef7777a1>	<079c87bb0ee7725d5be08d0b677ed538>	<87f4e50fcffa09e3cbf5703be5a6659c>
chr2	278124	282123	<9c8aecd9e07aee31b94a25ea54d36faf>	<3c5b59ca629f81a3696ce222c8747e89>	<48990738f9722d6a326ae96631df3adb>	<2e74e2df219f3c1a5ca9146f3a4ec37e>
chr2	282124	282829	<13cc0c523dd4fc3732d28dbedbb7d793>	<84bd2c3503080a046c33f3a60b73b837>	<719efa9537a5109019659bc5de4f1be4>	<b1634c3b973ce16c9c8f7ee942be64e3>
chr2	282830	286529	<28e4a22216e27c559fed0c52ceeaa1e7>	<aec511ae6e0e2ec024a054fb8f579d0d>	<b2dd2e8700e4118d97d44632a4d22be1>	<148fc5d0dc0f3b6d29fb5dcdb25bad02>
chr2	286530	290572	<ea5573308b461e15a13fa06745849711>	<641e66ab085390f4dee7a14db8f5f799>	<6ad031f29415c725e69c42043b6fe51e>	<8262c78ff23ac12bb97d752d8d4bde2d>
chr2	290573	292688	<622fc0b9f832314e58ae3688cddd7e90>	<5835581decdb0865c9c7077ef0e05b4e>	<bfe14f127756d81de13593101491c6c2>	<6a069f6501a0b645beefe37cbe284d5d>
chr2	292689	295454	<3395427510ef6d944befa2f70b3f2490>	<8d98d9dc45f8690c3384f898c7dbd177>	<550f2a198f286d637521f609171f9530>	<34e39f80b4bd25300714fd1d71ba146a>
chr2	295455	296364	<4505362405412eef656737c2e6842d9b>	<4eec80ee77ce86c61e13c86e1cd954fb>	<45e4afbeb6c78524dc6a772b4d73ab89>	<5bcfd170315e014a23d878a7484a351f>
chr2	296365	298215	<9259e191c5c8c8475e7e854dbdbda617>	<1c8af46e93fd099c8cace82cd4ed6a3f>	<991265d58b112e600dc95957ee48fa99>	<dab51cb8ccbc0f4d6022669322077bc8>
chr2	298216	306250	<ccf1564e961bc11eb498ab3141fee4d4>	<331373a0e255be349822dd50f0820659>	<93d8ad4f458e6f19c3807325e6814cd4>	<e2bec63e0382a38ad16d61ea16514bc9>
chr2	306251	313805	<5f459f5a41727271a947f0e447e258bc>	<add10d33b5149926372ab99573c2f2ab>	<d15ce2ce49ab21f144e88168c7c55fd1>	<28dacaea7c2cf7c2c12f32a9b7910f31>
chr2	313806	315647	<f05fe8c0914ef0e126109be122e42563>	<f81c2a4bc1405030b7607bd2b99885f5>	<e4c1498e4baf46335125884ffe79c9a4>	<00759112a1f2bda4f0523ff6a6b4058a>
chr2	315648	317029	<10f56ab9f6d00546c1e3a2514635a4d9>	<4ba405301fbd6fba4cd3fabf5b540b62>	<4ba405301fbd6fba4cd3fabf5b540b62>	<4ba405301fbd6fba4cd3fabf5b540b62>
chr2	317030	320432	<76bbbf868b3604fc1acc7403b7fca55f>	<a7a53648ac7abbd31e6ea82baec57c52>	<fa02b0478e95b367473168703083c3fb>	<b6624369e0f4bcd45a08767dcbd62e4a>
chr2	320433	323963	<f714b55c1938a63c06eceebba5499482>	<50ac35667622eb1df45b3f5d4e800989>	<b8ac05e41eddd9cd375cff904d19f49a>	<c8d6276242cbe86dd9da0990a4637c0c>
chr2	323964	326094	<14bf67724bf1ce907f15fd93c37a8be9>	<68265b6aeb187717406d0f7564b86e9a>	<7d129518cd87d3adeb4c307e348d4440>	<1a4d63e0e9cc095643d00aea2c3b4755>
chr2	326095	328024	<fa7f06d5781f421d585c4f367a3921ae>	<40f3026051777f593821bc7fde687ac2>	<735cf346dab4638533ccee27e7c596ef>	<e10f23f865cb2322e174524e876c5d50>
chr2	328025	332872	<edd32cefa85c79d084254543a5930009>	<0285e840c9a9f76d06a1f9260c6f724e>	<c6668c45db69ea6341183ea3b101bbf1>	<2a8723804503cd4cb931c9e0dd3cf721>
chr2	332873	336462	<1702f3d2ad5f513f473347856d3063b9>	<0e83e664ef5e9522af4439ace52995db>	<a7c27758713177e9e6268fe4e32168e8>	<4c9c0f96d147ecca470e612d1e8565ce>
chr2	336463	338023	<25e3bcd6f161f3a4b2916bc72d9ebed0>	<25e3bcd6f161f3a4b2916bc72d9ebed0>	<25e3bcd6f161f3a4b2916bc72d9ebed0>	<25e3bcd6f161f3a4b2916bc72d9ebed0>
chr2	338024	339871	<0d98b23a660c6c51525aaa7d6dde9e70>	<0d98b23a660c6c51525aaa7d6dde9e70>	<f98016fdb554344a562e587d79549038>	<0d98b23a660c6c51525aaa7d6dde9e70>
chr2	339872	341321	<f6af342f31b2257484d5c7d9cbf7bd27>	<c815d474d2342f99db2cacc73cc715b5>	<0055a47839ed04ffeabc31e381d7615e>	<475e03497e6da5ae8bc9afd362f74eb9>
chr2	341322	342480	<616fbfe3fb4257dd28b93da7d950b152>	<a99edc5e4476c979e9c6570aa11ac073>	<10940b3a07d855d5e29d8604e92f655a>	<ef113af20ef8ccd3ba78ab689fbbcd62>
chr2	342481	343561	<3717f1f12b134af19697fc387ec0be85>	<3717f1f12b134af19697fc387ec0be85>	<235c8893a6068c96fae8c7cdca77e957>	<f023a24ad2e1ca444dc70b24f5306ea1>
chr2	343562	345254	<36e96d3c4e355251290e88bdee459711>	<2599acefe8444ffafd13761c38088108>	<0b41f6317f5ddec51f738b8cbeaac301>	<c2d4dc31301ef736ca49c728f5e0b5aa>
chr2	345255	347536	<f343ffb5b598f5e242e7cad3c5781f35>	<ed661782a3a2017b532e84b4586f975e>	<98f253080cd1a5b62ced06d8657f8e54>	<2b441ef3fb084a0333f4a4d0ddfaaf74>
chr2	347537	350179	<5ee0aa799d7a9d95d52a472339f90768>	<e80b75e8b751dda1c8b0f8355221a34e>	<d4a503c5039f322879676b8f9dbb938d>	<72b72d1a2cf566cee7a867b67f7598b8>
chr2	350180	353343	<22edc03154ec2732dabf866c3895169f>	<13ac48302bec153a2cc92b1c0aff6214>	<6b29ca3016b5da0474e4dcac15018ddb>	<12a06d62a1dbe5973c04f7a71814efc0>
chr2	353344	355594	<b2894d701ed6de7d21f063d8da2a71ad>	<b511b488dc6b535fa019597877d803a6>	<d1b21093126df5aada9a7ee95b1165e8>	<6dd2e90fdcbd5810af7b531ceb4460f0>
chr2	355595	357352	<3856fb6a9c1e988d587848628ef3014e>	<ffedaabb0d1cf85cc5279807705a4612>	<20e3f15a64f47889016a6bdd1d5be899>	<b38ac69dbdc71a90d8747a502dfc9dea>
chr2	357353	360924	<5ae3eba6d12a06417b5dbb3035dbf080>	<ec5fa80aefb4c884805bd2cc0dc93a8a>	<e7be3d52da34418f2e00ffd54f66c931>	<d65acc4576e02d16224f3e5c5c3d274e>
chr2	360925	362982	<c909029b49d7ce6d8fb9f8d54616b18e>	<27d7fc1bfcd9085ec91a481277aa854d>	<bf5bc68698bf788b6ed825033e62b510>	<bde184524f52a81c0db2db8d9434e901>
chr2	362983	369707	<4664523becbbdd8af53c08d3b15d41a5>	<970e18d8b17c02507a7da8849e5f86dc>	<4668701295f3bc83a0a91a08ac34e7bd>	<7fcda75f844a26c9421c76a5af6a6330>
chr2	369708	385170	<715eb8d1052a8c2072030da6d0dc7146>	<7c22e8fffb9fc353222c8a577a6059f3>	<9a0588141acedb319100b63b41a68f5f>	<f382def52c34efa283bd663b34de2089>
chr2	385171	387478	<95dfaa7f665ce61c33bfc0145d2b18a1>	<518f38e510578baee9e4849f8e30959d>	<7323864224869814e3274614ae129cf1>	<6d54ede54763afccff7e6b39b3780e41>
chr2	387479	388054	<77f2b320eefa46ddf0f61b1817189ef2>	<deacab4f18a24c514aeec97bdeaf9bf2>	<4b29c1d25d801f39bd3d7d8c3bd9ed9a>	<e8a8e663e396c1fed3cdef5d1901a372>
chr2	388055	390405	<3bb638b55d28a949080d93ff60eb8a8e>	<cfe0f1b1287557e19b522cf8fe8bace4>	<4a0662aa982407be01607f221e9904c7>	<96950db227dbac378498b1e047aa116d>
chr2	390406	391420	<ffce8d090c34743b1cfd89d538876049>	<71371e58a9f4d7be1f39e2d30578304e>	<4d5b5c72081714baf857ff88e5f7a59f>	<dca60872b455c60f4001eb23540fbe34>
chr2	391421	394184	<d29ef223675a51d5d81cdbfc7d6aa924>	<1baddbbb0f3ebfad86b9e3b53a7e6ed9>	<7a2d67064b4893564e3c37fef87c1dc9>	<998b5d843a86bbc4c6894f0cec24fe11>
chr2	394185	396755	<6f546a22e58eaa66fd841d741bc3f131>	<6764de2f82f29724d846f7b5fb581d5d>	<f56af710ba9108d0e73ac873ae853ed2>	<d7ccfee04623c35577faf13577d6f567>
chr2	396756	399338	<85b132b9a091bc33499b86e411ba62d8>	<b0e7cbe1e1b46ac7d969779427b61fca>	<9fec3cfcb2daa9b48a3c30dda2d2df41>	<26c22ac916509809eeb1709a86b44c82>
chr2	399339	405761	<b9e9661882a3302099bc23ad47129089>	<9182dca2c5a11c125cb8a832060d5aba>	<134c1e975a3baf6787244e0c118591a7>	<a86ae70cd72c600d49aeb2bbf6d7d3e5>
chr2	405762	409203	<715938be05acdb1de177b29c5a831a9e>	<4e2ef14d50b314d5244349b15b897131>	<f312938627cfdeb3d82ef8647a1297a9>	<3545396fdac1c9c65c71691e92d0d6fd>
chr2	409204	410320	<ea58faaa1f76753e3ef566ce038848ea>	<74d9a321fc46ddc5b0288da234be788d>	<2f1a8ddba41a83cce59a5b15b40b7d97>	<72bd1619a2d13e8c45d8133ba6b93b95>
chr2	410321	416000	<0c1dcbf2e4a245f9769aab0234a4a01f>	<44992087555e6ad94d29c69dfa9264dc>	<bb1cb310c4a2eb203ebe9858524af0df>	<f2355fd939579613d8deb1c440474dd0>
chr2	416001	420661	<86e97ee288bf9f8c1a969a957819196b>	<566d8a030fb1a3da21155d2051144f74>	<01ef2233db97646760c09f1438ae4e47>	<91629e46236d4b3ce567dc305265a004>
chr2	420662	421607	<6a8388bfef97f206096d9147ab483778>	<aba502f4cc8e033e70e1711fbe23eff1>	<b20ec6c537a705cf8dc60b0944c310f8>	<1a15a4f23a00e04f1fc56da73b96b729>
chr2	421608	422643	<dde653fc6d9c6dc4400c4721b24b98dd>	<7939093a50a2051dcf0d87a9a1e3ea80>	<2c7de6ee659ff3c2be7ffd8be5d4edce>	<c73a4c3d194f98742b8765d2541ac983>
chr2	422644	424059	<7193b1de15c850058f5b4243119991a8>	<d236858f379dc5683b509e2c173a4918>	<6c51383ba42ff426def42c9b9d16abd2>	<c702b735cc4389050e09129cd17a15b5>
chr2	424060	425810	<48cb9e3e60b739d691ea2b007fa383f8>	<b129f13cbb3536deb601ff7096a5e607>	<70a7d6d031ca0692492ce1d61155f6ab>	<71c9662a83afdc0761cebc6a4626e1a8>
chr2	425811	427113	<efcf1eda6a5a9ab8aec0fcad73f3c498>	<65e84a9d92ddd3c56dca5c3852cdc2be>	<1fafb3829ba2bd2589bacec7c587c5b9>	<c27ec780f151b77c8a470486f640a206>
chr2	427114	428900	<2daa861a2f758c2202b3a5d18906b3b0>	<ea8ae5c561f58cb9882e9b08a044d22b>	<5231f4eb04626869fa8bf4ec96530dc0>	<7e2cf62e829d0aba1a42380dfaf4aa6a>
chr2	428901	432194	<37bc51b4a5c5609b631c152007e4b4d9>	<c6e85f7672a4d3ff185cc59f4fc7bdfa>	<4a9468f835b3fe229ac60211e16c7fbd>	<51aad7a87461b30cdd6cf200d25ae527>
chr2	432195	435100	<be0657227b4c45274c25e5b7d44cff5e>	<39c44a332eed917ef6784718afa32f95>	<185677ca071d8e4cae51a377a84e21f9>	<111ffa8608781f1ad05bcdebdce8fe94>
chr2	435101	440623	<bafe60d4ad603f13473aad81ea864106>	<a1d5eb068df6517ad99a31d2cf1820f8>	<002c118816a5e8c89e208afce1187181>	<0397e4288dc9b391fa43d889d97c07fe>
chr2	440624	444324	<3a8066820ff7d26454b290a4471e468e>	<826e1f18d3bfb8815ddf915aa32f31ae>	<6037a4240960d03413b4f5c94f8ad0e7>	<e432720ae95f527fd866ffd7d7603bac>
chr2	444325	450378	<f63d1678b9ebe3dc3a8b22250470afe9>	<46b1ddf74d84813b449ff1ac78e6fe3b>	<b9a3d8dd83008b83ed2760639dc565b8>	<bf05212a2ae0decbfc012dd9d2f9bd0d>
chr2	450379	454959	<695ce7e9a1d987d35b8231fc6ee30a6a>	<762d732aebd6e2bdd5fb2c3d8f8c2156>	<4842a37a20353269997d9d7ac2047c13>	<1d49c4db147e3a105ff9f86ca81b8b66>
chr2	454960	457001	<94fc6b293f10d9dcce20216c605d2266>	<31923ae794e6b016fd91c7d9a605a275>	<e93a98077dd811089d2667602c5c119c>	<381b04a13ae38cd403a4115566ade250>
chr2	457002	463408	<3588c879a186b6c02eefa3b8f2c80a9c>	<f7efbca960c0aa97b9283cfbc08dc3b6>	<bcc33c75dd700520f107a407b18972a7>	<2def48cfe2a6fa5e8adae8b42dfc69df>
chr2	463409	464993	<8d23c87885799c2207298d714f05662b>	<6979b261cf844de1ecfd429ccf32a7cb>	<ca87e77aabe11fa7d7795457fa23dbab>	<e6ee93b0e0f981e954c55d2f78c46ace>
chr2	464994	466955	<03e668dffeb58df4e7e7f03b01ab236a>	<aa9d07cd5e19e6de2db85baae2562545>	<6372f4cb7eccde4fafb18668271981fb>	<dc19474e3008e5442773dcb12f886529>
chr2	466956	469369	<14b84ac7f8127111f32767e6884ee590>	<0d0ad30942741efdb74fa45ceec49de5>	<8f2704857916a3300c7718599409c58f>	<bcfb947bb7d678f5568cd383eaabea3e>
chr2	469370	472070	<e57adee48063c9df8397b4621eb378a4>	<6ab68630ad92464f70c5c6a6db482baf>	<1238ca7feca0b42ba1b12e140c254515>	<e2b285c588a88b22f5bf69836aefbf10>
chr2	472071	474107	<98c0d8130bbff0d883608830eff439db>	<311d322778cab61132c27658c5810c63>	<873483b0610f7e61e159a12401c73c47>	<a9f122e6e3a04b3b9377f09c73947805>
chr2	474108	476997	<eb519a530972382a98920ceb72425c77>	<638bdc764f430981d96c04a6eacaf9c9>	<1767b4c4d49ee3d3468181636b11ba6a>	<73dc83f586f4112dc6c31025fee6a6d0>
chr2	476998	478976	<f8ab077b28076580f89f26d3c07efac8>	<6f54d2475b901e9dff0a02fa9a754d9c>	<55671589072537f9fde3de9284e9d9fc>	<0f412a65e66e04f497241e3f87712c31>
chr2	478977	481185	<9c6718e410fa378dcaa7810f196763d1>	<957f7d2db444a43f679c9ac98a099bab>	<11ed041a24f5bfbcfb491ba8bebccdc1>	<99d9bf185c22351252f33f5aa92e2242>
chr2	481186	481830	<20665100d8f769180d87685b17fd4761>	<20665100d8f769180d87685b17fd4761>	<20665100d8f769180d87685b17fd4761>	<90108c1207cbe7002d82c0f68c92ad20>
chr2	481831	482334	<a6bedf4bfd91143f21b74f62f27e956e>	<823fbfb16d388a130cea78116a610b55>	<a13dd2b6610e18c4bff1ca1e06a18d34>	<4797e85b4aec2bea9d2bbbce9f25618c>
chr2	482335	483829	<2bebcdb5fb785c5d49e46b75f79aa814>	<e1c308c6393277485047993d480adc5b>	<0cf928d78ca417824ce9894acb41159d>	<22e02f9f7a47b7a3b38609d6f6614a60>
chr2	483830	487397	<ef5a3e7874025d6dab8056c82c293eef>	<218d9f55da0e74538be6705e14a1e9fa>	<f164aab3a5bcf5754b7c13800d48368d>	<827e2a0fc0a58177716e48b05672e91e>
chr2	487398	489941	<bd2f2f3060e5dd2991183fcf3c4ff20d>	<80fbf967d300f3926ee9828cba8741f8>	<5628a9d40bf61c0e3f23c613b3a462b0>	<5b6c5f337a496c3e6e73e0648f0a6c4a>
chr2	489942	492058	<6bb0058abb51f6ba1885bdd34ce516e6>	<442e1a059c64d580a879749683cdbe12>	<e9447c56af5846682da32e6d29376a1b>	<7397c50619430abe53fef3acf2e0c36e>
chr2	492059	494744	<03befccb7031de2b15d4243162c02aa8>	<d936e6e56efbfd4a73b1595a55e73cad>	<ec942944d9df513dbdf243c0ca90dff7>	<c831953733b145484c211c07b1bea3f3>
chr2	494745	497860	<3caca9506abe94e6a6828eca63481992>	<86610de2b529f8d72587f98b5412e25b>	<6414aee21330bf979b782c093856730f>	<6c5ef19b78d6fd490d3e3f38d26ab289>
chr2	497861	500000	<3a1370b1b13c441eb67c70242e65c2b0>	<171b492f0b5a00ee7ba24d9fc7670cae>	<c20b0323a4d21ea36f17fe424f0cd1d0>	<47bba9282a9911716de586b28c959064>
